Date,Volume,Open,High,Low,Close,Median
2023-08-18 09:00:00,18102,4369.35,4370.35,4340.58,4345.84,4355.465
2023-08-18 13:00:00,56933,4345.84,4372.865,4337.33,4365.83,4355.0975
2023-08-18 17:00:00,33973,4365.83,4383.1,4354.58,4368.6,4368.84
2023-08-20 21:00:00,4700,4368.6,4379.54,4368.6,4377.8,4374.07
2023-08-21 01:00:00,9801,4377.8,4378.0599999999995,4367.55,4372.05,4372.805
2023-08-21 05:00:00,14401,4372.05,4388.8099999999995,4365.04,4388.54,4376.924999999999
2023-08-21 09:00:00,12450,4388.54,4396.5599999999995,4383.55,4384.0599999999995,4390.055
2023-08-21 13:00:00,52838,4384.0599999999995,4397.56,4361.43,4381.56,4379.495000000001
2023-08-21 17:00:00,25511,4381.56,4410.06,4378.04,4398.5599999999995,4394.05
2023-08-21 21:00:00,4187,4398.5599999999995,4399.76,4392.085,4397.51,4395.922500000001
2023-08-22 01:00:00,7408,4397.51,4401.25,4392.99,4397.49,4397.12
2023-08-22 05:00:00,15082,4397.49,4417.75,4395.24,4417.13,4406.495
2023-08-22 09:00:00,11933,4417.13,4429.51,4413.99,4420.38,4421.75
2023-08-22 13:00:00,54239,4420.38,4421.51,4385.74,4395.26,4403.625
2023-08-22 17:00:00,33287,4395.26,4403.01,4383.985,4389.75,4393.4974999999995
2023-08-22 21:00:00,3342,4389.75,4397.15,4389.75,4396.889999999999,4393.45
2023-08-23 01:00:00,6368,4396.889999999999,4404.255,4396.13,4401.63,4400.1925
2023-08-23 05:00:00,12568,4401.63,4415.4,4400.63,4412.9,4408.014999999999
2023-08-23 09:00:00,15613,4412.9,4415.15,4389.889999999999,4393.88,4402.5199999999995
2023-08-23 13:00:00,43281,4393.88,4435.15,4392.88,4430.63,4414.014999999999
2023-08-23 17:00:00,31511,4430.63,4466.445,4429.89,4465.9,4448.1675
2023-08-23 21:00:00,4852,4465.9,4465.9,4455.53,4461.29,4460.715
2023-08-24 01:00:00,5350,4461.29,4471.05,4458.53,4470.42,4464.79
2023-08-24 05:00:00,12915,4470.42,4476.05,4461.865,4464.3,4468.9575
2023-08-24 09:00:00,15988,4464.3,4467.3,4452.78,4455.05,4460.04
2023-08-24 13:00:00,56738,4455.05,4459.53,4397.78,4405.53,4428.655
2023-08-24 17:00:00,37563,4405.53,4407.55,4369.28,4374.55,4388.415
2023-08-24 21:00:00,3287,4374.55,4383.51,4374.24,4382.24,4378.875
2023-08-25 01:00:00,5150,4382.24,4383.51,4376.25,4378.13,4379.88
2023-08-25 05:00:00,9498,4378.13,4388.76,4370.389999999999,4386.26,4379.575
2023-08-25 09:00:00,7520,4386.26,4396.76,4380.5,4394.25,4388.63
2023-08-25 13:00:00,65977,4394.25,4418.39,4356.0,4392.74,4387.195
2023-08-25 17:00:00,30709,4392.74,4419.49,4379.99,4405.51,4399.74
2023-08-27 21:00:00,2800,4405.51,4417.37,4405.51,4408.889999999999,4411.4400000000005
2023-08-28 01:00:00,4524,4408.889999999999,4414.75,4408.38,4410.38,4411.5650000000005
2023-08-28 05:00:00,5177,4410.38,4416.889999999999,4408.37,4414.12,4412.629999999999
2023-08-28 09:00:00,5384,4414.12,4429.25,4409.12,4429.0,4419.1849999999995
2023-08-28 13:00:00,15544,4429.0,4439.99,4416.49,4433.38,4428.24
2023-08-28 17:00:00,10081,4433.38,4441.5,4415.88,4437.139999999999,4428.6900000000005
2023-08-28 21:00:00,2352,4437.139999999999,4440.16,4432.639999999999,4436.9,4436.4
2023-08-29 01:00:00,4429,4436.9,4439.51,4433.41,4437.76,4436.46
2023-08-29 05:00:00,9968,4437.76,4447.41,4431.28,4432.15,4439.344999999999
2023-08-29 09:00:00,9875,4432.15,4442.4,4426.889999999999,4432.889999999999,4434.6449999999995
2023-08-29 13:00:00,20041,4432.889999999999,4492.4,4429.139999999999,4488.16,4460.7699999999995
2023-08-29 17:00:00,3295,4488.16,4502.65,4484.91,4501.139999999999,4493.78
2023-08-29 21:00:00,429,4501.139999999999,4504.53,4500.38,4503.27,4502.455
2023-08-30 01:00:00,3689,4503.27,4509.03,4502.26,4504.78,4505.645
2023-08-30 05:00:00,11524,4504.78,4506.76,4492.01,4492.53,4499.385
2023-08-30 09:00:00,14036,4492.53,4506.78,4489.26,4502.78,4498.02
2023-08-30 13:00:00,44209,4502.78,4523.51,4494.13,4521.03,4508.82
2023-08-30 17:00:00,23144,4521.03,4521.28,4506.89,4519.78,4514.085
2023-08-30 21:00:00,719,4519.78,4521.63,4517.62,4519.12,4519.625
2023-08-31 01:00:00,3888,4519.12,4524.88,4518.610000000001,4521.12,4521.745000000001
2023-08-31 05:00:00,8499,4521.12,4525.360000000001,4517.62,4523.88,4521.49
2023-08-31 09:00:00,14826,4523.88,4534.860000000001,4516.610000000001,4527.360000000001,4525.735000000001
2023-08-31 13:00:00,36598,4527.360000000001,4533.13,4508.38,4514.63,4520.755
2023-08-31 17:00:00,17611,4514.63,4527.12,4506.415,4510.610000000001,4516.7675
2023-08-31 21:00:00,1655,4510.610000000001,4513.79,4507.52,4512.52,4510.655000000001
2023-09-01 01:00:00,4151,4512.52,4515.54,4511.02,4514.77,4513.280000000001
2023-09-01 05:00:00,11409,4514.77,4520.79,4506.52,4518.02,4513.655000000001
2023-09-01 09:00:00,22683,4518.02,4539.04,4516.395,4535.29,4527.717500000001
2023-09-01 13:00:00,75172,4535.29,4540.55,4500.27,4511.02,4520.41
2023-09-01 17:00:00,19633,4511.02,4516.54,4502.255,4512.42,4509.3975
2023-09-03 21:00:00,3101,4512.42,4518.29,4512.28,4517.55,4515.285
2023-09-04 01:00:00,4812,4517.55,4519.05,4514.53,4517.03,4516.79
2023-09-04 05:00:00,7818,4517.03,4525.8,4516.28,4524.3,4521.04
2023-09-04 09:00:00,6547,4524.3,4526.155000000001,4519.78,4521.28,4522.967500000001
2023-09-04 13:00:00,5575,4521.28,4523.04,4510.28,4513.93,4516.66
2023-09-04 17:00:00,27,4513.93,4514.0650000000005,4513.52,4513.68,4513.7925000000005
2023-09-04 21:00:00,2951,4513.68,4516.96,4508.59,4508.95,4512.775
2023-09-05 01:00:00,4860,4508.95,4512.47,4508.2,4511.22,4510.335
2023-09-05 05:00:00,14062,4511.22,4512.47,4495.7,4505.21,4504.085
2023-09-05 09:00:00,12737,4505.21,4515.95,4502.95,4514.7,4509.45
2023-09-05 13:00:00,36088,4514.7,4516.47,4497.21,4508.6,4506.84
2023-09-05 17:00:00,17706,4508.6,4511.96,4494.95,4496.22,4503.455
2023-09-05 21:00:00,2669,4496.22,4499.97,4495.2,4498.34,4497.585
2023-09-06 01:00:00,4505,4498.34,4498.72,4492.47,4494.47,4495.595
2023-09-06 05:00:00,13334,4494.47,4496.835,4482.45,4489.45,4489.6425
2023-09-06 09:00:00,12501,4489.45,4491.97,4483.95,4489.7,4487.96
2023-09-06 13:00:00,43933,4489.7,4490.245000000001,4444.95,4447.47,4467.5975
2023-09-06 17:00:00,18837,4447.47,4469.22,4442.95,4465.58,4456.085
2023-09-06 21:00:00,2641,4465.58,4467.68,4463.43,4464.17,4465.555
2023-09-07 01:00:00,4805,4464.17,4466.91,4458.66,4459.68,4462.785
2023-09-07 05:00:00,14079,4459.68,4460.18,4448.42,4454.18,4454.3
2023-09-07 09:00:00,13695,4454.18,4460.43,4430.91,4433.05,4445.67
2023-09-07 13:00:00,36878,4433.05,4455.42,4430.41,4447.92,4442.915
2023-09-07 17:00:00,17238,4447.92,4458.615,4443.91,4453.17,4451.2625
2023-09-07 21:00:00,3003,4453.17,4454.54,4447.77,4450.77,4451.155000000001
2023-09-08 01:00:00,3325,4450.77,4454.54,4447.52,4450.889999999999,4451.030000000001
2023-09-08 05:00:00,11450,4450.889999999999,4465.29,4445.28,4445.29,4455.285
2023-09-08 09:00:00,14176,4445.29,4456.02,4439.52,4451.16,4447.77
2023-09-08 13:00:00,30691,4451.16,4473.79,4450.27,4463.79,4462.030000000001
2023-09-08 17:00:00,19795,4463.79,4465.04,4447.79,4461.78,4456.415
2023-09-10 21:00:00,3461,4461.78,4466.5,4459.24,4461.01,4462.87
2023-09-11 01:00:00,4724,4461.01,4468.26,4457.74,4467.99,4463.0
2023-09-11 05:00:00,10028,4467.99,4481.01,4467.99,4473.5,4474.5
2023-09-11 09:00:00,7876,4473.5,4484.26,4473.24,4483.74,4478.75
2023-09-11 13:00:00,37590,4483.74,4492.01,4468.485,4481.24,4480.2474999999995
2023-09-11 17:00:00,12976,4481.24,4491.27,4478.99,4486.51,4485.13
2023-09-11 21:00:00,2739,4486.51,4487.139999999999,4480.87,4481.63,4484.004999999999
2023-09-12 01:00:00,5379,4481.63,4487.0,4479.62,4483.62,4483.3099999999995
2023-09-12 05:00:00,12303,4483.62,4487.389999999999,4476.12,4477.62,4481.754999999999
2023-09-12 09:00:00,12687,4477.62,4482.139999999999,4474.37,4476.12,4478.254999999999
2023-09-12 13:00:00,37913,4476.12,4482.39,4464.87,4476.64,4473.63
2023-09-12 17:00:00,24784,4476.64,4489.895,4457.63,4463.87,4473.762500000001
2023-09-12 21:00:00,2462,4463.87,4465.639999999999,4462.12,4464.139999999999,4463.879999999999
2023-09-13 01:00:00,5766,4464.139999999999,4466.26,4456.12,4462.13,4461.1900000000005
2023-09-13 05:00:00,15712,4462.13,4469.139999999999,4455.62,4459.139999999999,4462.379999999999
2023-09-13 09:00:00,32715,4459.139999999999,4469.889999999999,4446.195,4465.389999999999,4458.0425
2023-09-13 13:00:00,68044,4465.389999999999,4479.63,4454.37,4476.38,4467.0
2023-09-13 17:00:00,36481,4476.38,4480.64,4456.62,4472.639999999999,4468.63
2023-09-13 21:00:00,3066,4472.639999999999,4477.605,4468.97,4476.99,4473.2875
2023-09-14 01:00:00,5577,4476.99,4482.24,4474.47,4479.73,4478.355
2023-09-14 05:00:00,13512,4479.73,4484.165000000001,4471.72,4478.48,4477.942500000001
2023-09-14 09:00:00,28360,4478.48,4491.12,4476.47,4488.73,4483.795
2023-09-14 13:00:00,69453,4488.73,4507.97,4478.22,4507.48,4493.095
2023-09-14 17:00:00,19145,4507.48,4512.0,4500.465,4507.98,4506.2325
2023-09-14 21:00:00,3372,4507.98,4516.16,4507.98,4514.41,4512.07
2023-09-15 01:00:00,5553,4514.41,4521.16,4511.889999999999,4519.9,4516.525
2023-09-15 05:00:00,13345,4519.9,4521.4,4511.889999999999,4512.65,4516.6449999999995
2023-09-15 09:00:00,10034,4512.65,4517.16,4502.639999999999,4503.15,4509.9
2023-09-15 13:00:00,44698,4503.15,4505.66,4463.39,4472.28,4484.525
2023-09-15 17:00:00,20045,4472.28,4472.41,4449.53,4456.9,4460.969999999999
2023-09-17 21:00:00,3214,4456.9,4465.07,4456.32,4463.57,4460.695
2023-09-18 01:00:00,4574,4463.57,4465.0599999999995,4461.05,4463.57,4463.055
2023-09-18 05:00:00,9970,4463.57,4465.5599999999995,4457.55,4460.8,4461.555
2023-09-18 09:00:00,11419,4460.8,4463.32,4445.05,4453.0599999999995,4454.1849999999995
2023-09-18 13:00:00,35211,4453.0599999999995,4472.57,4447.775,4467.32,4460.1725
2023-09-18 17:00:00,13226,4467.32,4470.82,4454.05,4460.3,4462.4349999999995
2023-09-18 21:00:00,2445,4460.3,4463.84,4460.3,4461.58,4462.07
2023-09-19 01:00:00,4054,4461.58,4462.32,4457.07,4457.58,4459.695
2023-09-19 05:00:00,8467,4457.58,4466.09,4454.57,4464.34,4460.33
2023-09-19 09:00:00,7146,4464.34,4468.07,4454.57,4454.83,4461.32
2023-09-19 13:00:00,31056,4454.83,4455.82,4420.57,4427.32,4438.195
2023-09-19 17:00:00,17281,4427.32,4455.07,4426.34,4450.34,4440.705
2023-09-19 21:00:00,2467,4450.34,4451.860000000001,4447.34,4448.360000000001,4449.6
2023-09-20 01:00:00,4420,4448.360000000001,4450.360000000001,4443.34,4444.1,4446.85
2023-09-20 05:00:00,9435,4444.1,4456.610000000001,4443.34,4456.110000000001,4449.975
2023-09-20 09:00:00,6279,4456.110000000001,4464.84,4454.09,4464.610000000001,4459.465
2023-09-20 13:00:00,22467,4464.610000000001,4466.860000000001,4453.34,4461.6,4460.1
2023-09-20 17:00:00,59786,4461.6,4461.86,4402.1,4403.360000000001,4431.98
2023-09-20 21:00:00,5117,4403.360000000001,4407.09,4396.08,4396.82,4401.585
2023-09-21 01:00:00,5296,4396.82,4398.59,4391.57,4394.34,4395.08
2023-09-21 05:00:00,13800,4394.34,4399.34,4387.32,4388.84,4393.33
2023-09-21 09:00:00,17479,4388.84,4391.59,4363.57,4370.59,4377.58
2023-09-21 13:00:00,42188,4370.59,4378.7,4353.08,4354.32,4365.889999999999
2023-09-21 17:00:00,23083,4354.32,4368.09,4326.82,4329.07,4347.455
2023-09-21 21:00:00,5046,4329.07,4336.28,4327.88,4333.03,4332.08
2023-09-22 01:00:00,7281,4333.03,4343.02,4330.27,4342.01,4336.645
2023-09-22 05:00:00,14731,4342.01,4345.78,4335.01,4340.53,4340.395
2023-09-22 09:00:00,10268,4340.53,4352.28,4337.76,4348.76,4345.02
2023-09-22 13:00:00,29676,4348.76,4360.52,4336.01,4353.52,4348.265
2023-09-22 17:00:00,24891,4353.52,4354.27,4319.02,4324.01,4336.645
2023-09-24 21:00:00,4497,4324.01,4334.08,4324.01,4328.3099999999995,4329.045
2023-09-25 01:00:00,4848,4328.3099999999995,4337.58,4328.07,4336.07,4332.825
2023-09-25 05:00:00,11755,4336.07,4343.33,4310.8099999999995,4317.58,4327.07
2023-09-25 09:00:00,14798,4317.58,4326.33,4307.32,4310.83,4316.825
2023-09-25 13:00:00,40538,4310.83,4341.06,4302.08,4331.31,4321.57
2023-09-25 17:00:00,23459,4331.31,4347.08,4320.31,4346.33,4333.695
2023-09-25 21:00:00,3363,4346.33,4346.33,4327.96,4329.46,4337.145
2023-09-26 01:00:00,5521,4329.46,4330.96,4321.95,4328.72,4326.455
2023-09-26 05:00:00,15980,4328.72,4329.7,4307.7,4322.96,4318.7
2023-09-26 09:00:00,15513,4322.96,4330.45,4315.45,4316.72,4322.95
2023-09-26 13:00:00,36987,4316.72,4317.72,4285.6,4295.2,4301.66
2023-09-26 17:00:00,21817,4295.2,4299.47,4269.46,4283.22,4284.465
2023-09-26 21:00:00,3545,4283.22,4288.6900000000005,4282.17,4284.18,4285.43
2023-09-27 01:00:00,5820,4284.18,4291.9400000000005,4283.67,4291.92,4287.805
2023-09-27 05:00:00,9730,4291.92,4301.610000000001,4289.17,4298.67,4295.39
2023-09-27 09:00:00,11351,4298.67,4299.1900000000005,4289.67,4297.6900000000005,4294.43
2023-09-27 13:00:00,38159,4297.6900000000005,4299.92,4257.66,4260.69,4278.79
2023-09-27 17:00:00,38784,4260.69,4295.445,4242.535,4286.93,4268.99
2023-09-27 21:00:00,4576,4286.93,4291.6,4279.83,4289.83,4285.715
2023-09-28 01:00:00,7369,4289.83,4290.6,4273.33,4280.84,4281.965
2023-09-28 05:00:00,17221,4280.84,4288.35,4273.08,4277.08,4280.715
2023-09-28 09:00:00,26132,4277.08,4293.35,4267.33,4272.35,4280.34
2023-09-28 13:00:00,55760,4272.35,4320.84,4266.33,4307.46,4293.585
2023-09-28 17:00:00,30012,4307.46,4316.1,4292.59,4307.34,4304.345
2023-09-28 21:00:00,3265,4307.34,4312.27,4294.76,4295.01,4303.515
2023-09-29 01:00:00,5056,4295.01,4307.52,4293.0,4302.75,4300.26
2023-09-29 05:00:00,13286,4302.75,4324.52,4300.25,4318.77,4312.385
2023-09-29 09:00:00,16031,4318.77,4335.27,4315.51,4333.5,4325.39
2023-09-29 13:00:00,59106,4333.5,4336.77,4296.5,4299.76,4316.635
2023-09-29 17:00:00,46509,4299.76,4306.77,4276.75,4297.77,4291.76
2023-10-01 21:00:00,10123,4297.77,4321.45,4297.77,4314.9400000000005,4309.610000000001
2023-10-02 01:00:00,5360,4314.9400000000005,4320.6900000000005,4312.6900000000005,4313.6900000000005,4316.6900000000005
2023-10-02 05:00:00,13836,4313.6900000000005,4323.1900000000005,4304.9400000000005,4314.18,4314.0650000000005
2023-10-02 09:00:00,16124,4314.18,4314.2,4280.93,4282.95,4297.5650000000005
2023-10-02 13:00:00,93198,4282.95,4305.2,4262.925,4266.43,4284.0625
2023-10-02 17:00:00,48401,4266.43,4296.7,4263.69,4293.6900000000005,4280.195
2023-10-02 21:00:00,4994,4293.6900000000005,4296.59,4285.08,4292.33,4290.835
2023-10-03 01:00:00,7784,4292.33,4294.84,4283.7,4283.84,4289.27
2023-10-03 05:00:00,15934,4283.84,4303.34,4281.57,4299.84,4292.455
2023-10-03 09:00:00,21335,4299.84,4300.57,4260.32,4262.09,4280.445
2023-10-03 13:00:00,89968,4262.09,4284.59,4224.82,4239.59,4254.705
2023-10-03 17:00:00,37919,4239.59,4245.84,4218.83,4230.33,4232.335
2023-10-03 21:00:00,6077,4230.33,4237.360000000001,4227.6,4230.110000000001,4232.4800000000005
2023-10-04 01:00:00,12293,4230.110000000001,4231.110000000001,4213.98,4225.1,4222.545
2023-10-04 05:00:00,28499,4225.1,4231.110000000001,4204.6,4227.1,4217.8550000000005
2023-10-04 09:00:00,29673,4227.1,4250.72,4225.35,4244.110000000001,4238.035
2023-10-04 13:00:00,80873,4244.110000000001,4261.85,4223.34,4254.59,4242.595
2023-10-04 17:00:00,39550,4254.59,4272.86,4234.35,4259.59,4253.605
2023-10-04 21:00:00,5222,4259.59,4262.4,4254.65,4261.91,4258.525
2023-10-05 01:00:00,7019,4261.91,4270.16,4260.639999999999,4267.889999999999,4265.4
2023-10-05 05:00:00,15752,4267.889999999999,4268.15,4250.639999999999,4251.4,4259.3949999999995
2023-10-05 09:00:00,23778,4251.4,4270.66,4245.66,4254.16,4258.16
2023-10-05 13:00:00,73782,4254.16,4268.16,4226.39,4241.16,4247.275
2023-10-05 17:00:00,36050,4241.16,4269.16,4233.39,4257.16,4251.275
2023-10-05 21:00:00,3900,4257.16,4258.99,4253.22,4258.73,4256.105
2023-10-06 01:00:00,6860,4258.73,4261.49,4254.47,4255.24,4257.98
2023-10-06 05:00:00,12824,4255.24,4265.24,4250.47,4259.48,4257.855
2023-10-06 09:00:00,41671,4259.48,4273.74,4210.97,4219.23,4242.355
2023-10-06 13:00:00,108548,4219.23,4307.99,4215.72,4297.99,4261.855
2023-10-06 17:00:00,26534,4297.99,4326.98,4296.22,4313.73,4311.6
2023-10-08 21:00:00,13660,4313.73,4313.73,4272.28,4281.4,4293.004999999999
2023-10-09 01:00:00,6280,4281.4,4282.04,4273.78,4278.28,4277.91
2023-10-09 05:00:00,20960,4278.28,4288.05,4269.65,4287.04,4278.85
2023-10-09 09:00:00,17321,4287.04,4292.55,4278.53,4280.55,4285.54
2023-10-09 13:00:00,58482,4280.55,4316.05,4280.03,4305.78,4298.04
2023-10-09 17:00:00,28374,4305.78,4345.55,4304.53,4338.55,4325.04
2023-10-09 21:00:00,3597,4338.55,4344.15,4337.52,4342.889999999999,4340.835
2023-10-10 01:00:00,5444,4342.889999999999,4347.9,4341.38,4341.88,4344.639999999999
2023-10-10 05:00:00,20124,4341.88,4351.15,4336.63,4349.639999999999,4343.889999999999
2023-10-10 09:00:00,17480,4349.639999999999,4350.9,4336.38,4344.639999999999,4343.639999999999
2023-10-10 13:00:00,38494,4344.639999999999,4389.39,4341.360000000001,4385.38,4365.375
2023-10-10 17:00:00,32890,4385.38,4385.65,4359.63,4361.889999999999,4372.639999999999
2023-10-10 21:00:00,3382,4361.889999999999,4366.23,4359.97,4362.22,4363.1
2023-10-11 01:00:00,6129,4362.22,4365.48,4360.71,4363.23,4363.094999999999
2023-10-11 05:00:00,18705,4363.23,4370.73,4358.71,4368.72,4364.719999999999
2023-10-11 09:00:00,21444,4368.72,4379.23,4365.1,4378.21,4372.165
2023-10-11 13:00:00,46033,4378.21,4381.225,4351.71,4357.73,4366.467500000001
2023-10-11 17:00:00,24377,4357.73,4390.23,4347.71,4389.73,4368.969999999999
2023-10-11 21:00:00,3227,4389.73,4392.8,4386.03,4391.53,4389.415
2023-10-12 01:00:00,4895,4391.53,4393.8,4389.18,4393.78,4391.49
2023-10-12 05:00:00,11505,4393.78,4398.3,4388.78,4395.8,4393.54
2023-10-12 09:00:00,22357,4395.8,4401.05,4378.79,4385.04,4389.92
2023-10-12 13:00:00,51025,4385.04,4388.04,4364.03,4379.79,4376.035
2023-10-12 17:00:00,42223,4379.79,4380.04,4326.28,4351.54,4353.16
2023-10-12 21:00:00,4158,4351.54,4356.66,4349.889999999999,4355.66,4353.275
2023-10-13 01:00:00,6119,4355.66,4359.91,4353.889999999999,4355.41,4356.9
2023-10-13 05:00:00,13525,4355.41,4363.139999999999,4351.889999999999,4352.889999999999,4357.514999999999
2023-10-13 09:00:00,25002,4352.889999999999,4366.765,4336.639999999999,4365.91,4351.702499999999
2023-10-13 13:00:00,71806,4365.91,4379.15,4324.16,4334.89,4351.655
2023-10-13 17:00:00,55733,4334.89,4338.91,4312.39,4322.639999999999,4325.65
2023-10-15 21:00:00,9654,4322.639999999999,4346.33,4322.639999999999,4342.18,4334.485
2023-10-16 01:00:00,9688,4342.18,4346.0599999999995,4338.07,4340.555,4342.065
2023-10-16 05:00:00,24347,4340.555,4348.55,4328.195,4339.05,4338.3724999999995
2023-10-16 09:00:00,20340,4339.05,4355.84,4334.07,4354.34,4344.955
2023-10-16 13:00:00,44209,4354.34,4388.08,4351.34,4376.08,4369.71
2023-10-16 17:00:00,28871,4376.08,4385.84,4359.33,4379.58,4372.585
2023-10-16 21:00:00,3954,4379.58,4380.67,4371.42,4374.9400000000005,4376.045
2023-10-17 01:00:00,6308,4374.9400000000005,4374.9400000000005,4366.92,4367.93,4370.93
2023-10-17 05:00:00,12596,4367.93,4376.43,4361.18,4362.92,4368.805
2023-10-17 09:00:00,21431,4362.92,4371.9400000000005,4350.92,4351.43,4361.43
2023-10-17 13:00:00,64443,4351.43,4397.18,4339.67,4383.68,4368.425
2023-10-17 17:00:00,41559,4383.68,4385.69,4357.44,4373.68,4371.565
2023-10-17 21:00:00,4414,4373.68,4373.68,4360.58,4361.6,4367.13
2023-10-18 01:00:00,8121,4361.6,4372.1,4360.33,4369.84,4366.215
2023-10-18 05:00:00,17009,4369.84,4373.35,4359.58,4369.35,4366.465
2023-10-18 09:00:00,19555,4369.35,4371.85,4351.84,4353.09,4361.845
2023-10-18 13:00:00,65785,4353.09,4367.1,4328.83,4329.84,4347.965
2023-10-18 17:00:00,49860,4329.84,4353.1,4305.34,4322.09,4329.22
2023-10-18 21:00:00,5431,4322.09,4322.65,4315.139999999999,4320.9,4318.8949999999995
2023-10-19 01:00:00,7578,4320.9,4323.91,4304.525,4311.15,4314.2175
2023-10-19 05:00:00,21613,4311.15,4316.91,4295.9,4303.139999999999,4306.405
2023-10-19 09:00:00,22760,4303.139999999999,4326.66,4301.889999999999,4324.77,4314.275
2023-10-19 13:00:00,112471,4324.77,4341.9,4290.38,4323.89,4316.139999999999
2023-10-19 17:00:00,70182,4323.89,4337.16,4268.139999999999,4272.02,4302.65
2023-10-19 21:00:00,5764,4272.02,4274.139999999999,4266.62,4270.87,4270.379999999999
2023-10-20 01:00:00,8082,4270.87,4275.389999999999,4264.12,4273.62,4269.754999999999
2023-10-20 05:00:00,19396,4273.62,4280.389999999999,4259.83,4276.01,4270.11
2023-10-20 09:00:00,22752,4276.01,4276.639999999999,4258.12,4264.37,4267.379999999999
2023-10-20 13:00:00,74271,4264.37,4278.37,4231.64,4255.38,4255.005
2023-10-20 17:00:00,47590,4255.38,4260.775,4219.87,4221.63,4240.3225
2023-10-22 21:00:00,6314,4221.63,4240.110000000001,4221.63,4237.12,4230.870000000001
2023-10-23 01:00:00,5000,4237.12,4239.38,4231.860000000001,4235.610000000001,4235.620000000001
2023-10-23 05:00:00,15698,4235.610000000001,4238.62,4215.12,4219.62,4226.87
2023-10-23 09:00:00,24369,4219.62,4219.63,4193.63,4209.360000000001,4206.63
2023-10-23 13:00:00,64808,4209.360000000001,4258.62,4191.86,4258.62,4225.24
2023-10-23 17:00:00,39508,4258.62,4259.13,4216.62,4229.12,4237.875
2023-10-23 21:00:00,4052,4229.12,4233.8,4225.03,4228.03,4229.415
2023-10-24 01:00:00,8662,4228.03,4233.55,4221.53,4233.3,4227.54
2023-10-24 05:00:00,14558,4233.3,4240.54,4225.79,4236.04,4233.165
2023-10-24 09:00:00,13810,4236.04,4247.3,4234.29,4246.28,4240.795
2023-10-24 13:00:00,65456,4246.28,4262.79,4221.29,4226.54,4242.04
2023-10-24 17:00:00,42494,4226.54,4269.55,4224.28,4249.16,4246.915
2023-10-24 21:00:00,7783,4249.16,4253.09,4238.58,4244.09,4245.835
2023-10-25 01:00:00,6280,4244.09,4247.6,4240.33,4241.97,4243.965
2023-10-25 05:00:00,16238,4241.97,4242.85,4225.33,4236.09,4234.09
2023-10-25 09:00:00,14845,4236.09,4243.73,4227.83,4233.08,4235.78
2023-10-25 13:00:00,71968,4233.08,4236.35,4196.83,4199.34,4216.59
2023-10-25 17:00:00,46136,4199.34,4202.6,4183.33,4190.33,4192.965
2023-10-25 21:00:00,8374,4190.33,4190.33,4164.66,4166.17,4177.495
2023-10-26 01:00:00,7003,4166.17,4169.18,4158.66,4161.66,4163.92
2023-10-26 05:00:00,16558,4161.66,4166.68,4151.42,4162.93,4159.05
2023-10-26 09:00:00,24528,4162.93,4179.93,4152.29,4178.53,4166.110000000001
2023-10-26 13:00:00,84228,4178.53,4185.42,4133.16,4133.68,4159.29
2023-10-26 17:00:00,59652,4133.68,4171.53,4127.17,4141.16,4149.35
2023-10-26 21:00:00,5553,4141.16,4162.18,4141.16,4154.18,4151.67
2023-10-27 01:00:00,5382,4154.18,4164.42,4153.17,4163.93,4158.795
2023-10-27 05:00:00,13618,4163.93,4166.18,4153.16,4165.42,4159.67
2023-10-27 09:00:00,17674,4165.42,4166.43,4142.41,4154.93,4154.42
2023-10-27 13:00:00,80566,4154.93,4160.18,4128.67,4129.93,4144.425
2023-10-27 17:00:00,51730,4129.93,4132.18,4103.93,4120.93,4118.055
2023-10-29 21:00:00,5014,4120.93,4136.68,4120.93,4136.68,4128.805
2023-10-30 01:00:00,5982,4136.68,4137.4400000000005,4132.17,4133.9400000000005,4134.805
2023-10-30 05:00:00,11125,4133.9400000000005,4147.43,4132.42,4143.1900000000005,4139.925
2023-10-30 09:00:00,11618,4143.1900000000005,4151.9400000000005,4141.67,4144.92,4146.805
2023-10-30 13:00:00,56596,4144.92,4166.94,4135.18,4145.43,4151.0599999999995
2023-10-30 17:00:00,31975,4145.43,4180.44,4142.92,4167.93,4161.68
2023-10-30 21:00:00,3284,4167.93,4167.975,4158.9,4162.53,4163.4375
2023-10-31 01:00:00,10957,4162.53,4163.67,4151.16,4154.41,4157.415
2023-10-31 05:00:00,10942,4154.41,4175.17,4149.9,4174.91,4162.535
2023-10-31 09:00:00,19275,4174.91,4182.67,4167.29,4173.66,4174.98
2023-10-31 13:00:00,61860,4173.66,4181.66,4154.91,4180.4,4168.285
2023-10-31 17:00:00,25501,4180.4,4198.15,4176.4,4186.67,4187.275
2023-10-31 21:00:00,3660,4186.67,4190.82,4182.57,4184.59,4186.695
2023-11-01 01:00:00,6121,4184.59,4190.58,4181.08,4189.07,4185.83
2023-11-01 05:00:00,8975,4189.07,4194.84,4178.82,4181.08,4186.83
2023-11-01 09:00:00,17312,4181.08,4200.84,4174.83,4197.33,4187.835
2023-11-01 13:00:00,52502,4197.33,4232.09,4190.58,4210.33,4211.335
2023-11-01 17:00:00,78802,4210.33,4248.2,4203.7,4241.83,4225.95
2023-11-01 21:00:00,4265,4241.83,4252.4,4241.38,4251.13,4246.889999999999
2023-11-02 01:00:00,4273,4251.13,4253.4,4248.63,4249.639999999999,4251.014999999999
2023-11-02 05:00:00,7648,4249.639999999999,4261.15,4245.13,4259.389999999999,4253.139999999999
2023-11-02 09:00:00,16255,4259.389999999999,4281.4,4257.88,4280.13,4269.639999999999
2023-11-02 13:00:00,34487,4280.13,4307.4,4274.38,4302.89,4290.889999999999
2023-11-02 17:00:00,22404,4302.89,4322.885,4300.89,4316.639999999999,4311.887500000001
2023-11-02 21:00:00,3519,4316.639999999999,4316.639999999999,4309.34,4313.72,4312.99
2023-11-03 01:00:00,3914,4313.72,4318.24,4312.47,4316.22,4315.355
2023-11-03 05:00:00,7206,4316.22,4318.49,4311.49,4313.23,4314.99
2023-11-03 09:00:00,20113,4313.23,4344.98,4309.73,4339.74,4327.355
2023-11-03 13:00:00,45963,4339.74,4370.74,4335.97,4369.72,4353.355
2023-11-03 17:00:00,17781,4369.72,4375.24,4358.195,4362.48,4366.7175
2023-11-05 22:00:00,6496,4362.48,4368.9400000000005,4359.2,4361.71,4364.07
2023-11-06 02:00:00,4253,4361.71,4364.9400000000005,4361.4400000000005,4363.4400000000005,4363.1900000000005
2023-11-06 06:00:00,9845,4363.4400000000005,4370.21,4362.4400000000005,4368.71,4366.325000000001
2023-11-06 10:00:00,8784,4368.71,4371.96,4363.9400000000005,4367.1900000000005,4367.950000000001
2023-11-06 14:00:00,24540,4367.1900000000005,4374.71,4357.94,4362.7,4366.325
2023-11-06 18:00:00,17277,4362.7,4370.69,4349.69,4365.7,4360.19
2023-11-06 22:00:00,4502,4365.7,4365.764999999999,4359.72,4362.98,4362.7425
2023-11-07 02:00:00,4901,4362.98,4363.73,4357.97,4360.73,4360.85
2023-11-07 06:00:00,9546,4360.73,4364.48,4355.22,4357.46,4359.85
2023-11-07 10:00:00,11812,4357.46,4366.48,4351.96,4366.47,4359.219999999999
2023-11-07 14:00:00,29004,4366.47,4388.48,4358.22,4380.21,4373.35
2023-11-07 18:00:00,15220,4380.21,4388.98,4375.21,4383.22,4382.094999999999
2023-11-07 22:00:00,4242,4383.22,4383.389999999999,4378.75,4380.02,4381.07
2023-11-08 02:00:00,4115,4380.02,4382.52,4376.0,4376.52,4379.26
2023-11-08 06:00:00,9863,4376.52,4381.52,4373.75,4379.26,4377.635
2023-11-08 10:00:00,8771,4379.26,4387.52,4376.76,4385.02,4382.14
2023-11-08 14:00:00,31901,4385.02,4393.77,4361.245,4370.76,4377.5075
2023-11-08 18:00:00,18368,4370.76,4390.76,4368.77,4379.75,4379.765
2023-11-08 22:00:00,3527,4379.75,4384.0599999999995,4376.29,4382.54,4380.174999999999
2023-11-09 02:00:00,2945,4382.54,4384.3099999999995,4379.29,4381.29,4381.799999999999
2023-11-09 06:00:00,9588,4381.29,4390.5599999999995,4379.29,4386.3099999999995,4384.924999999999
2023-11-09 10:00:00,10045,4386.3099999999995,4398.0599999999995,4385.79,4396.8,4391.924999999999
2023-11-09 14:00:00,28391,4396.8,4398.8099999999995,4371.29,4386.54,4385.049999999999
2023-11-09 18:00:00,51882,4386.54,4387.31,4344.04,4350.8,4365.675
2023-11-09 22:00:00,5064,4350.8,4351.23,4340.71,4349.46,4345.969999999999
2023-11-10 02:00:00,3928,4349.46,4353.97,4347.46,4352.72,4350.715
2023-11-10 06:00:00,10618,4352.72,4359.98,4346.21,4352.98,4353.094999999999
2023-11-10 10:00:00,12739,4352.98,4369.23,4342.22,4367.73,4355.725
2023-11-10 14:00:00,34038,4367.73,4400.97,4354.21,4398.48,4377.59
2023-11-10 18:00:00,16295,4398.48,4421.73,4392.47,4412.22,4407.1
2023-11-12 22:00:00,5979,4412.22,4416.475,4403.3,4405.07,4409.887500000001
2023-11-13 02:00:00,4275,4405.07,4406.07,4396.3,4398.57,4401.1849999999995
2023-11-13 06:00:00,6348,4398.57,4410.32,4398.05,4409.43,4404.1849999999995
2023-11-13 10:00:00,7735,4409.43,4413.57,4402.05,4403.8099999999995,4407.8099999999995
2023-11-13 14:00:00,27703,4403.8099999999995,4424.32,4395.05,4416.3,4409.6849999999995
2023-11-13 18:00:00,14334,4416.3,4422.07,4410.05,4415.55,4416.0599999999995
2023-11-13 22:00:00,3264,4415.55,4415.8099999999995,4413.05,4414.3,4414.43
2023-11-14 02:00:00,2716,4414.3,4416.6900000000005,4412.55,4413.8099999999995,4414.620000000001
2023-11-14 06:00:00,6859,4413.8099999999995,4424.3099999999995,4412.32,4421.8099999999995,4418.315
2023-11-14 10:00:00,20275,4421.8099999999995,4477.57,4409.0,4475.3,4443.285
2023-11-14 14:00:00,33911,4475.3,4508.075,4469.55,4498.3,4488.8125
2023-11-14 18:00:00,14320,4498.3,4511.57,4487.8,4502.0599999999995,4499.6849999999995
2023-11-14 22:00:00,5299,4502.0599999999995,4506.5599999999995,4500.79,4503.55,4503.674999999999
2023-11-15 02:00:00,3764,4503.55,4512.3,4502.54,4510.05,4507.42
2023-11-15 06:00:00,9903,4510.05,4516.3099999999995,4505.29,4507.5599999999995,4510.799999999999
2023-11-15 10:00:00,14093,4507.5599999999995,4527.594999999999,4506.54,4512.8,4517.067499999999
2023-11-15 14:00:00,32014,4512.8,4523.56,4503.54,4507.31,4513.55
2023-11-15 18:00:00,18048,4507.31,4516.56,4497.54,4500.79,4507.05
2023-11-15 22:00:00,5502,4500.79,4506.62,4495.85,4496.110000000001,4501.235000000001
2023-11-16 02:00:00,5927,4496.110000000001,4502.62,4493.37,4501.6,4497.995
2023-11-16 06:00:00,8404,4501.6,4507.87,4500.6,4501.85,4504.235000000001
2023-11-16 10:00:00,12254,4501.85,4508.87,4494.35,4508.610000000001,4501.610000000001
2023-11-16 14:00:00,30068,4508.610000000001,4512.62,4488.35,4501.86,4500.485000000001
2023-11-16 18:00:00,15297,4501.86,4516.110000000001,4492.87,4515.12,4504.49
2023-11-16 22:00:00,4168,4515.12,4515.174999999999,4510.75,4514.02,4512.9625
2023-11-17 02:00:00,3233,4514.02,4517.77,4511.75,4513.51,4514.76
2023-11-17 06:00:00,7943,4513.51,4522.76,4511.0,4517.52,4516.88
2023-11-17 10:00:00,10574,4517.52,4526.52,4516.75,4518.75,4521.635
2023-11-17 14:00:00,29972,4518.75,4520.77,4499.76,4511.52,4510.265
2023-11-17 18:00:00,12226,4511.52,4521.335,4509.25,4512.01,4515.2925
2023-11-19 22:00:00,6004,4512.01,4517.1900000000005,4508.92,4512.43,4513.055
2023-11-20 02:00:00,4316,4512.43,4514.1900000000005,4508.42,4508.42,4511.305
2023-11-20 06:00:00,10155,4508.42,4521.4400000000005,4508.42,4521.17,4514.93
2023-11-20 10:00:00,8103,4521.17,4522.4400000000005,4511.67,4517.92,4517.055
2023-11-20 14:00:00,19248,4517.92,4538.69,4512.895,4534.17,4525.7925
2023-11-20 18:00:00,13000,4534.17,4559.42,4534.17,4549.42,4546.795
2023-11-20 22:00:00,3854,4549.42,4555.26,4549.42,4553.01,4552.34
2023-11-21 02:00:00,3822,4553.01,4555.76,4551.25,4552.01,4553.505
2023-11-21 06:00:00,7498,4552.01,4552.87,4543.99,4544.49,4548.43
2023-11-21 10:00:00,7955,4544.49,4549.26,4536.99,4537.76,4543.125
2023-11-21 14:00:00,20010,4537.76,4543.01,4526.76,4542.51,4534.885
2023-11-21 18:00:00,20762,4542.51,4543.75,4525.74,4536.51,4534.745
2023-11-21 22:00:00,3576,4536.51,4540.610000000001,4532.34,4539.35,4536.475
2023-11-22 02:00:00,3288,4539.35,4543.110000000001,4537.35,4537.84,4540.2300000000005
2023-11-22 06:00:00,7351,4537.84,4543.360000000001,4534.85,4541.110000000001,4539.1050000000005
2023-11-22 10:00:00,11737,4541.110000000001,4555.860000000001,4540.59,4554.610000000001,4548.225
2023-11-22 14:00:00,35515,4554.610000000001,4569.6,4544.34,4556.36,4556.97
2023-11-22 18:00:00,14401,4556.36,4561.61,4544.59,4554.84,4553.1
2023-11-22 22:00:00,2657,4554.84,4558.23,4551.73,4557.97,4554.98
2023-11-23 02:00:00,2202,4557.97,4558.98,4554.71,4558.97,4556.844999999999
2023-11-23 06:00:00,6883,4558.97,4562.23,4557.21,4561.1,4559.719999999999
2023-11-23 10:00:00,4667,4561.1,4562.23,4557.46,4559.71,4559.844999999999
2023-11-23 14:00:00,4277,4559.71,4562.48,4557.46,4559.09,4559.969999999999
2023-11-23 18:00:00,17,4559.09,4559.49,4559.01,4559.21,4559.25
2023-11-23 22:00:00,3125,4559.21,4562.65,4559.21,4562.15,4560.93
2023-11-24 02:00:00,2670,4562.15,4562.15,4559.38,4560.65,4560.764999999999
2023-11-24 06:00:00,5020,4560.65,4563.15,4556.63,4563.15,4559.889999999999
2023-11-24 10:00:00,2327,4563.15,4563.15,4556.625,4560.38,4559.8875
2023-11-24 14:00:00,16218,4560.38,4561.14,4553.38,4558.64,4557.26
2023-11-24 18:00:00,614,4558.64,4560.4,4558.13,4558.64,4559.264999999999
2023-11-26 22:00:00,3637,4558.64,4561.07,4549.8,4551.57,4555.4349999999995
2023-11-27 02:00:00,2560,4551.57,4551.82,4544.5599999999995,4544.5599999999995,4548.19
2023-11-27 06:00:00,5498,4544.5599999999995,4555.07,4544.55,4547.57,4549.8099999999995
2023-11-27 10:00:00,5916,4547.57,4557.57,4547.55,4553.5599999999995,4552.5599999999995
2023-11-27 14:00:00,20177,4553.5599999999995,4561.58,4548.05,4559.3,4554.8150000000005
2023-11-27 18:00:00,11666,4559.3,4562.32,4548.55,4554.05,4555.4349999999995
2023-11-27 22:00:00,3059,4554.05,4556.95,4552.68,4555.4400000000005,4554.8150000000005
2023-11-28 02:00:00,2907,4555.4400000000005,4557.7,4553.18,4555.18,4555.4400000000005
2023-11-28 06:00:00,7482,4555.18,4557.2,4543.68,4552.1900000000005,4550.4400000000005
2023-11-28 10:00:00,7488,4552.1900000000005,4553.45,4540.18,4546.7,4546.8150000000005
2023-11-28 14:00:00,24777,4546.7,4570.2,4542.43,4556.43,4556.3150000000005
2023-11-28 18:00:00,17481,4556.43,4558.465,4544.93,4556.95,4551.6975
2023-11-28 22:00:00,2926,4556.95,4563.28,4555.29,4561.54,4559.285
2023-11-29 02:00:00,2997,4561.54,4564.04,4559.3,4562.54,4561.67
2023-11-29 06:00:00,7259,4562.54,4572.55,4560.28,4571.28,4566.415
2023-11-29 10:00:00,8863,4571.28,4583.05,4569.53,4577.79,4576.29
2023-11-29 14:00:00,28201,4577.79,4589.8,4555.79,4569.28,4572.795
2023-11-29 18:00:00,13718,4569.28,4570.8,4548.53,4555.8,4559.665
2023-11-29 22:00:00,3271,4555.8,4556.639999999999,4552.13,4553.639999999999,4554.385
2023-11-30 02:00:00,3166,4553.639999999999,4559.889999999999,4553.13,4559.639999999999,4556.51
2023-11-30 06:00:00,6537,4559.639999999999,4560.4,4550.63,4558.639999999999,4555.514999999999
2023-11-30 10:00:00,10453,4558.639999999999,4570.4,4557.13,4562.38,4563.764999999999
2023-11-30 14:00:00,37754,4562.38,4562.4,4538.38,4544.88,4550.389999999999
2023-11-30 18:00:00,17498,4544.88,4571.52,4537.13,4564.01,4554.325000000001
2023-11-30 22:00:00,2300,4564.01,4566.72,4563.7,4565.22,4565.21
2023-12-01 02:00:00,2851,4565.22,4569.22,4564.29,4566.71,4566.755
2023-12-01 06:00:00,6584,4566.71,4576.97,4564.95,4573.97,4570.96
2023-12-01 10:00:00,6909,4573.97,4573.97,4557.45,4558.72,4565.71
2023-12-01 14:00:00,50045,4558.72,4600.22,4555.2,4597.95,4577.71
2023-12-01 18:00:00,16526,4597.95,4598.72,4585.7,4595.96,4592.21
2023-12-03 22:00:00,5163,4595.96,4599.0599999999995,4588.2,4589.7,4593.629999999999
2023-12-04 02:00:00,2771,4589.7,4591.055,4586.96,4587.46,4589.0075
2023-12-04 06:00:00,6883,4587.46,4589.2,4579.9400000000005,4584.46,4584.57
2023-12-04 10:00:00,6941,4584.46,4585.7,4568.2,4568.7,4576.95
2023-12-04 14:00:00,26943,4568.7,4573.19,4548.19,4571.45,4560.69
2023-12-04 18:00:00,14256,4571.45,4574.21,4559.69,4567.21,4566.95
2023-12-04 22:00:00,2694,4567.21,4568.21,4560.95,4563.46,4564.58
2023-12-05 02:00:00,2595,4563.46,4564.46,4560.71,4562.21,4562.585
2023-12-05 06:00:00,6904,4562.21,4564.21,4551.4400000000005,4561.45,4557.825000000001
2023-12-05 10:00:00,8654,4561.45,4561.46,4550.6900000000005,4554.6900000000005,4556.075000000001
2023-12-05 14:00:00,44479,4554.6900000000005,4580.46,4550.6900000000005,4566.96,4565.575000000001
2023-12-05 18:00:00,17605,4566.96,4573.45,4563.2,4568.46,4568.325
2023-12-05 22:00:00,3675,4568.46,4584.1900000000005,4567.1900000000005,4583.1900000000005,4575.6900000000005
2023-12-06 02:00:00,2655,4583.1900000000005,4586.2,4581.68,4584.43,4583.9400000000005
2023-12-06 06:00:00,5281,4584.43,4584.95,4576.6900000000005,4580.1900000000005,4580.82
2023-12-06 10:00:00,6633,4580.1900000000005,4591.93,4575.93,4590.1900000000005,4583.93
2023-12-06 14:00:00,29071,4590.1900000000005,4594.2,4562.43,4563.07,4578.3150000000005
2023-12-06 18:00:00,14871,4563.07,4570.43,4547.7,4552.18,4559.0650000000005
2023-12-06 22:00:00,4262,4552.18,4552.54,4547.77,4548.29,4550.155000000001
2023-12-07 02:00:00,3472,4548.29,4550.29,4546.78,4547.639999999999,4548.535
2023-12-07 06:00:00,6166,4547.639999999999,4553.04,4544.52,4551.02,4548.780000000001
2023-12-07 10:00:00,7502,4551.02,4565.79,4548.27,4565.04,4557.030000000001
2023-12-07 14:00:00,30723,4565.04,4587.04,4563.79,4584.04,4575.415
2023-12-07 18:00:00,11369,4584.04,4591.54,4579.27,4581.28,4585.405000000001
2023-12-07 22:00:00,2814,4581.28,4584.67,4580.15,4581.4,4582.41
2023-12-08 02:00:00,2500,4581.4,4586.42,4581.15,4584.41,4583.785
2023-12-08 06:00:00,3773,4584.41,4587.92,4576.9,4586.91,4582.41
2023-12-08 10:00:00,14193,4586.91,4589.67,4560.15,4577.4,4574.91
2023-12-08 14:00:00,41277,4577.4,4606.675,4572.4,4592.67,4589.5375
2023-12-08 18:00:00,12742,4592.67,4609.92,4591.15,4604.17,4600.535
2023-12-10 22:00:00,5203,4604.17,4612.38,4603.610000000001,4605.62,4607.995000000001
2023-12-11 02:00:00,2866,4605.62,4606.38,4601.860000000001,4604.62,4604.120000000001
2023-12-11 06:00:00,6878,4604.62,4607.63,4600.110000000001,4602.88,4603.870000000001
2023-12-11 10:00:00,7887,4602.88,4606.13,4597.610000000001,4602.37,4601.870000000001
2023-12-11 14:00:00,27173,4602.37,4615.38,4598.11,4612.98,4606.745
2023-12-11 18:00:00,9430,4612.98,4625.38,4610.11,4622.88,4617.745
2023-12-11 22:00:00,2802,4622.88,4628.78,4621.76,4625.52,4625.27
2023-12-12 02:00:00,2245,4625.52,4628.28,4625.26,4626.76,4626.77
2023-12-12 06:00:00,4494,4626.76,4631.78,4624.28,4631.26,4628.03
2023-12-12 10:00:00,19757,4631.26,4644.15,4619.63,4621.02,4631.889999999999
2023-12-12 14:00:00,25056,4621.02,4634.785,4609.26,4629.52,4622.0225
2023-12-12 18:00:00,11160,4629.52,4648.53,4628.39,4647.88,4638.46
2023-12-12 22:00:00,2348,4647.88,4652.27,4647.835,4651.5,4650.0525
2023-12-13 02:00:00,1785,4651.5,4652.52,4649.5,4651.139999999999,4651.01
2023-12-13 06:00:00,3834,4651.139999999999,4653.02,4649.5,4650.76,4651.26
2023-12-13 10:00:00,6975,4650.76,4656.77,4648.37,4656.01,4652.57
2023-12-13 14:00:00,12682,4656.01,4656.76,4645.51,4648.26,4651.135
2023-12-13 18:00:00,64708,4648.26,4711.275,4644.5,4705.77,4677.8875
2023-12-13 22:00:00,4029,4705.77,4726.01,4705.77,4724.76,4715.89
2023-12-14 02:00:00,3477,4724.76,4728.0,4721.24,4725.26,4724.62
2023-12-14 06:00:00,13301,4725.26,4726.51,4712.99,4716.26,4719.75
2023-12-14 10:00:00,21147,4716.26,4734.0,4714.51,4734.0,4724.255
2023-12-14 14:00:00,67589,4734.0,4738.005,4715.49,4720.62,4726.7474999999995
2023-12-14 18:00:00,32974,4720.62,4722.75,4693.24,4714.74,4707.995
2023-12-14 22:00:00,4325,4714.74,4728.639999999999,4714.74,4726.88,4721.69
2023-12-15 02:00:00,3693,4726.88,4733.639999999999,4726.12,4732.889999999999,4729.879999999999
2023-12-15 06:00:00,6849,4732.889999999999,4741.389999999999,4731.12,4740.88,4736.254999999999
2023-12-15 10:00:00,10999,4740.88,4742.639999999999,4719.12,4726.63,4730.879999999999
2023-12-15 14:00:00,29283,4726.63,4733.37,4715.38,4720.63,4724.375
2023-12-15 18:00:00,20643,4720.63,4733.14,4711.37,4724.389999999999,4722.255
2023-12-17 22:00:00,3866,4724.389999999999,4735.01,4724.389999999999,4732.5,4729.7
2023-12-18 02:00:00,2799,4732.5,4738.76,4731.99,4737.99,4735.375
2023-12-18 06:00:00,7881,4737.99,4739.26,4727.74,4735.74,4733.5
2023-12-18 10:00:00,8163,4735.74,4741.01,4730.49,4739.26,4735.75
2023-12-18 14:00:00,17922,4739.26,4755.76,4735.49,4753.25,4745.625
2023-12-18 18:00:00,8567,4753.25,4759.01,4744.99,4747.13,4752.0
2023-12-18 22:00:00,2301,4747.13,4748.15,4744.389999999999,4747.38,4746.2699999999995
2023-12-19 02:00:00,3375,4747.38,4751.65,4747.38,4750.889999999999,4749.514999999999
2023-12-19 06:00:00,5584,4750.889999999999,4755.15,4748.38,4752.76,4751.764999999999
2023-12-19 10:00:00,6346,4752.76,4760.65,4751.13,4757.389999999999,4755.889999999999
2023-12-19 14:00:00,16586,4757.389999999999,4773.4,4753.110000000001,4769.13,4763.255
2023-12-19 18:00:00,8064,4769.13,4777.924999999999,4764.88,4774.639999999999,4771.4025
2023-12-19 22:00:00,2141,4774.639999999999,4776.6900000000005,4773.42,4776.43,4775.055
2023-12-20 02:00:00,2772,4776.43,4780.67,4775.67,4778.68,4778.17
2023-12-20 06:00:00,6847,4778.68,4779.1900000000005,4766.68,4768.93,4772.935
2023-12-20 10:00:00,5534,4768.93,4770.1900000000005,4764.67,4767.280000000001,4767.43
2023-12-20 14:00:00,11467,4767.280000000001,4786.94,4763.67,4785.92,4775.305
2023-12-20 18:00:00,39538,4785.92,4786.18,4699.67,4709.67,4742.925
2023-12-20 22:00:00,3812,4709.67,4717.65,4709.67,4716.38,4713.66
2023-12-21 02:00:00,3088,4716.38,4725.9,4716.38,4725.639999999999,4721.139999999999
2023-12-21 06:00:00,5912,4725.639999999999,4735.9,4724.63,4732.63,4730.264999999999
2023-12-21 10:00:00,9097,4732.63,4752.63,4727.63,4743.889999999999,4740.13
2023-12-21 14:00:00,45122,4743.889999999999,4750.63,4718.14,4720.13,4734.385
2023-12-21 18:00:00,24088,4720.13,4756.15,4713.63,4753.88,4734.889999999999
2023-12-21 22:00:00,3846,4753.88,4755.3099999999995,4746.8,4747.8099999999995,4751.055
2023-12-22 02:00:00,3886,4747.8099999999995,4750.0599999999995,4745.04,4745.05,4747.549999999999
2023-12-22 06:00:00,5539,4745.05,4752.3099999999995,4743.54,4749.29,4747.924999999999
2023-12-22 10:00:00,8968,4749.29,4765.8099999999995,4747.79,4765.5599999999995,4756.799999999999
2023-12-22 14:00:00,22850,4765.5599999999995,4780.06,4761.55,4771.81,4770.805
2023-12-22 18:00:00,21918,4771.81,4773.56,4743.04,4756.79,4758.3
2023-12-26 02:00:00,612,4756.79,4773.85,4756.79,4772.59,4765.32
2023-12-26 06:00:00,2427,4772.59,4775.84,4771.33,4772.85,4773.585
2023-12-26 10:00:00,3076,4772.85,4774.35,4767.7,4771.58,4771.025
2023-12-26 14:00:00,12213,4771.58,4783.45,4768.84,4779.83,4776.145
2023-12-26 18:00:00,7970,4779.83,4795.59,4779.58,4788.08,4787.585
2023-12-26 22:00:00,2692,4788.08,4790.889999999999,4783.87,4786.12,4787.379999999999
2023-12-27 02:00:00,2225,4786.12,4788.389999999999,4784.37,4788.12,4786.379999999999
2023-12-27 06:00:00,5074,4788.12,4790.139999999999,4783.13,4784.88,4786.635
2023-12-27 10:00:00,4265,4784.88,4789.889999999999,4782.12,4786.12,4786.004999999999
2023-12-27 14:00:00,13791,4786.12,4789.89,4779.12,4783.89,4784.505
2023-12-27 18:00:00,17463,4783.89,4797.389999999999,4777.38,4795.88,4787.385
2023-12-27 22:00:00,2296,4795.88,4801.02,4793.25,4800.76,4797.135
2023-12-28 02:00:00,2439,4800.76,4801.87,4798.5,4800.25,4800.1849999999995
2023-12-28 06:00:00,3812,4800.25,4801.52,4793.5,4794.37,4797.51
2023-12-28 10:00:00,4131,4794.37,4796.51,4790.0,4790.01,4793.255
2023-12-28 14:00:00,12954,4790.01,4799.52,4789.25,4797.51,4794.385
2023-12-28 18:00:00,12740,4797.51,4800.25,4788.5,4793.75,4794.375
2023-12-28 22:00:00,2475,4793.75,4796.95,4793.45,4795.45,4795.2
2023-12-29 02:00:00,2181,4795.45,4797.7,4795.18,4797.1900000000005,4796.4400000000005
2023-12-29 06:00:00,3046,4797.1900000000005,4801.7,4795.43,4795.43,4798.5650000000005
2023-12-29 10:00:00,4301,4795.43,4797.93,4788.93,4789.4400000000005,4793.43
2023-12-29 14:00:00,21566,4789.4400000000005,4795.69,4757.7,4769.44,4776.695
2023-12-29 18:00:00,18710,4769.44,4783.7,4767.68,4775.2,4775.6900000000005
2024-01-02 02:00:00,564,4775.2,4787.05,4775.2,4786.05,4781.125
2024-01-02 06:00:00,5287,4786.05,4791.55,4778.78,4780.03,4785.165
2024-01-02 10:00:00,9977,4780.03,4781.53,4741.54,4746.3,4761.535
2024-01-02 14:00:00,31971,4746.3,4761.29,4737.03,4750.78,4749.16
2024-01-02 18:00:00,19868,4750.78,4754.05,4729.28,4752.29,4741.665
2024-01-02 22:00:00,2489,4752.29,4755.04,4749.77,4750.78,4752.405000000001
2024-01-03 02:00:00,2524,4750.78,4751.29,4746.29,4748.29,4748.79
2024-01-03 06:00:00,5977,4748.29,4753.28,4740.02,4740.04,4746.65
2024-01-03 10:00:00,6532,4740.04,4744.29,4730.02,4730.77,4737.155000000001
2024-01-03 14:00:00,32469,4730.77,4733.78,4711.02,4726.77,4722.4
2024-01-03 18:00:00,32555,4726.77,4735.78,4705.29,4713.28,4720.535
2024-01-03 22:00:00,2753,4713.28,4717.97,4711.7,4716.97,4714.835
2024-01-04 02:00:00,2438,4716.97,4717.22,4712.71,4713.21,4714.965
2024-01-04 06:00:00,6945,4713.21,4721.72,4712.95,4718.96,4717.335
2024-01-04 10:00:00,9750,4718.96,4719.96,4706.7,4707.96,4713.33
2024-01-04 14:00:00,30208,4707.96,4731.34,4702.32,4712.47,4716.83
2024-01-04 18:00:00,18444,4712.47,4715.97,4691.95,4697.21,4703.96
2024-01-04 22:00:00,2501,4697.21,4702.23,4697.21,4700.98,4699.719999999999
2024-01-05 02:00:00,2787,4700.98,4700.98,4695.21,4695.71,4698.094999999999
2024-01-05 06:00:00,7192,4695.71,4697.23,4683.21,4683.97,4690.219999999999
2024-01-05 10:00:00,16237,4683.97,4689.48,4667.71,4685.22,4678.594999999999
2024-01-05 14:00:00,43478,4685.22,4725.73,4684.96,4696.21,4705.344999999999
2024-01-05 18:00:00,32343,4696.21,4710.96,4685.46,4700.71,4698.21
